{
  "best_metric": null,
  "best_model_checkpoint": null,
  "epoch": 0.5439298934803959,
  "global_step": 900,
  "is_hyper_param_search": false,
  "is_local_process_zero": true,
  "is_world_process_zero": true,
  "log_history": [
    {
      "epoch": 0.06,
      "learning_rate": 6.02409638554217e-05,
      "loss": 3.4975,
      "step": 100
    },
    {
      "epoch": 0.12,
      "learning_rate": 9.771505376344087e-05,
      "loss": 3.4903,
      "step": 200
    },
    {
      "epoch": 0.18,
      "learning_rate": 9.099462365591398e-05,
      "loss": 3.4852,
      "step": 300
    },
    {
      "epoch": 0.24,
      "learning_rate": 8.42741935483871e-05,
      "loss": 3.4798,
      "step": 400
    },
    {
      "epoch": 0.3,
      "learning_rate": 7.755376344086022e-05,
      "loss": 3.47,
      "step": 500
    },
    {
      "epoch": 0.3,
      "eval_loss": 3.4461076259613037,
      "eval_runtime": 156.0305,
      "eval_samples_per_second": 6.409,
      "eval_steps_per_second": 1.602,
      "step": 500
    },
    {
      "epoch": 0.36,
      "learning_rate": 7.083333333333334e-05,
      "loss": 3.4571,
      "step": 600
    },
    {
      "epoch": 0.42,
      "learning_rate": 6.411290322580646e-05,
      "loss": 3.4538,
      "step": 700
    },
    {
      "epoch": 0.48,
      "learning_rate": 5.7392473118279575e-05,
      "loss": 3.4694,
      "step": 800
    },
    {
      "epoch": 0.54,
      "learning_rate": 5.067204301075269e-05,
      "loss": 3.4569,
      "step": 900
    }
  ],
  "max_steps": 1654,
  "num_train_epochs": 1,
  "total_flos": 3.567389829692621e+17,
  "trial_name": null,
  "trial_params": null
}
